"","text","favorited","favoriteCount","replyToSN","created","truncated","replyToSID","id","replyToUID","statusSource","screenName","retweetCount","isRetweet","retweeted","longitude","latitude"
"1","There‚Äôs something about #MadeInStatenIsland that shows how growing up Italian relies on respect loyalty and family! Love it!",FALSE,0,NA,2019-01-21 23:50:11,FALSE,NA,"1087497619394494465",NA,"<a href=""http://twitter.com/download/iphone"" rel=""nofollow"">Twitter for iPhone</a>","ADoll708",0,FALSE,FALSE,NA,NA
"2","I honestly don‚Äôt know how I feel about #MadeInStatenIsland show.",FALSE,0,NA,2019-01-21 22:50:59,FALSE,NA,"1087482721075712000",NA,"<a href=""http://twitter.com/download/iphone"" rel=""nofollow"">Twitter for iPhone</a>","DomNTheCity",0,FALSE,FALSE,NA,NA
"3","#madeinstatenisland Tonight 10pm  #MTV you are definitely not going to want to miss this!!!! We have A couple of su‚Ä¶ https://t.co/YvCK4M6C68",FALSE,61,NA,2019-01-21 22:39:34,TRUE,NA,"1087479845163057155",NA,"<a href=""http://instagram.com"" rel=""nofollow"">Instagram</a>","KarenGravanoVH1",5,FALSE,FALSE,NA,NA
"4","@KarenGravanoVH1 and @Karina_Smirnoff I LOVE #MadeInStatenIsland so much!! Thank you for being so real and honest, it‚Äôs refreshing!",FALSE,0,"KarenGravanoVH1",2019-01-21 21:21:35,FALSE,NA,"1087460223122587650","283599884","<a href=""http://twitter.com/download/iphone"" rel=""nofollow"">Twitter for iPhone</a>","asia_moffatt",0,FALSE,FALSE,NA,NA
"5","TONIGHT on #MadeInStatenIsland:

CP receives news that threatens to divide the group; Paulie brings notorious SI tw‚Ä¶ https://t.co/cFC6bITD3t",FALSE,0,NA,2019-01-21 21:00:00,TRUE,NA,"1087454791519809538",NA,"<a href=""https://about.twitter.com/products/tweetdeck"" rel=""nofollow"">TweetDeck</a>","sectv",0,FALSE,FALSE,NA,NA
"6","My new show
#MadeinStatenIsland https://t.co/iOz3S5zZOu",FALSE,1,NA,2019-01-21 20:56:28,FALSE,NA,"1087453899118837762",NA,"<a href=""http://twitter.com/download/android"" rel=""nofollow"">Twitter for Android</a>","lambertkasey201",0,FALSE,FALSE,NA,NA
"7","Friends can become foes quicker than you would ever imagine! üòî Don't miss a new episode of #MadeInStatenIsland TONI‚Ä¶ https://t.co/QfxgJjL4jS",FALSE,85,NA,2019-01-21 20:30:00,TRUE,NA,"1087447239914672128",NA,"<a href=""https://studio.twitter.com"" rel=""nofollow"">Twitter Media Studio</a>","statenislandmtv",27,FALSE,FALSE,NA,NA
"8","Monday TV
""You Should Watch""

#LHHNY 

#CartelCrew

#PumpRules 

#TeenMom2

#MadeInStatenIsland https://t.co/sB3DSIkwV3",FALSE,0,NA,2019-01-21 20:07:52,FALSE,NA,"1087441672122687488",NA,"<a href=""http://twitter.com/download/android"" rel=""nofollow"">Twitter for Android</a>","thKuShutMeDown",1,FALSE,FALSE,NA,NA
"9","New Episode tonight! MTV 10pm @dennieaugustine #MadeinStatenIsland @MTV https://t.co/ygF7UuLumI",FALSE,3,NA,2019-01-21 19:45:33,FALSE,NA,"1087436054481780736",NA,"<a href=""http://twitter.com/download/iphone"" rel=""nofollow"">Twitter for iPhone</a>","Cynthia49600124",1,FALSE,FALSE,NA,NA
"10","#CartelCrew
Hispaanic

#MadeInStatenIsland
Italian 

Similar drug rings #samesongdifferentethnicity https://t.co/KVCvFzBBlK",FALSE,0,NA,2019-01-21 18:37:41,FALSE,NA,"1087418973396787200",NA,"<a href=""http://twitter.com/download/android"" rel=""nofollow"">Twitter for Android</a>","thKuShutMeDown",0,FALSE,FALSE,NA,NA
"11","#MadeinStatenIsland  is not even real Staten Island, fake as hell. Like I was in the ferry terminal and they were p‚Ä¶ https://t.co/efQAfkb2AM",FALSE,3,NA,2019-01-21 18:36:46,TRUE,NA,"1087418743624470529",NA,"<a href=""http://twitter.com/download/iphone"" rel=""nofollow"">Twitter for iPhone</a>","therealamor__",0,FALSE,FALSE,NA,NA
"12","My new show!! Wicked good
#MadeinStatenIsland https://t.co/CvFrGOFKpH",FALSE,0,NA,2019-01-21 18:14:41,FALSE,NA,"1087413184590430219",NA,"<a href=""http://twitter.com/download/android"" rel=""nofollow"">Twitter for Android</a>","lambertkasey201",0,FALSE,FALSE,NA,NA
"13","@thepheshow She‚Äôs used to schoolyard fights - let her get stabbed a few times and see if she‚Äôs still smiling. #MadeinStatenIsland",FALSE,0,"thepheshow",2019-01-21 17:00:48,FALSE,"1085686754101903361","1087394594311020544","2372347440","<a href=""http://twitter.com/download/iphone"" rel=""nofollow"">Twitter for iPhone</a>","Wearyourworkout",0,FALSE,FALSE,NA,NA
"14","I‚Äôm waiting to hear Paulie D do his ‚ÄúI‚Äôm goin to Staten Island‚Äù thing! üòÇüòÇ #MadeInStatenIsland",FALSE,0,"Sweetsie_McGee",2019-01-21 16:44:53,FALSE,"1087382655908409344","1087390589262409728","797428339","<a href=""http://twitter.com/download/iphone"" rel=""nofollow"">Twitter for iPhone</a>","Sweetsie_McGee",0,FALSE,FALSE,NA,NA
"15","I love how Katrina's grandfather wants to tlk bout loyalty....bro he's Sammy the fuckin rat bull I would never tell‚Ä¶ https://t.co/ZdquATeFyN",FALSE,0,NA,2019-01-21 16:43:38,TRUE,NA,"1087390272990969858",NA,"<a href=""http://twitter.com/download/android"" rel=""nofollow"">Twitter for Android</a>","lalamakowski",0,FALSE,FALSE,NA,NA
"16","Are these children at least legal? If I can‚Äôt comment it takes away some of the fun. #MadeInStatenIsland",FALSE,0,"Sweetsie_McGee",2019-01-21 16:34:22,FALSE,"1087382655908409344","1087387939523440640","797428339","<a href=""http://twitter.com/download/iphone"" rel=""nofollow"">Twitter for iPhone</a>","Sweetsie_McGee",0,FALSE,FALSE,NA,NA
"17","I don‚Äôt know about this #MadeInStatenIsland but I‚Äôm giving it a chance. Anybody watch n really like it?",FALSE,0,NA,2019-01-21 16:13:22,FALSE,NA,"1087382655908409344",NA,"<a href=""http://twitter.com/download/iphone"" rel=""nofollow"">Twitter for iPhone</a>","Sweetsie_McGee",0,FALSE,FALSE,NA,NA
"18","Please cancel this show it‚Äôs horrible üëéüëéü§¶üèª‚Äç‚ôÄÔ∏è #MadeInStatenIsland",FALSE,0,NA,2019-01-21 15:42:23,FALSE,NA,"1087374857720000515",NA,"<a href=""http://twitter.com/download/iphone"" rel=""nofollow"">Twitter for iPhone</a>","tml0915",0,FALSE,FALSE,NA,NA
"19","DONT FORGET A BRAND NEW EPISODE OF #MadeInStatenIsland TONIGHT üòúüí™",FALSE,6,NA,2019-01-21 15:39:57,FALSE,NA,"1087374245532000258",NA,"<a href=""http://twitter.com/download/iphone"" rel=""nofollow"">Twitter for iPhone</a>","MobWivesUK",3,FALSE,FALSE,NA,NA
"20","Tune in to #madeinstatenisland tonight! üòòüé• we get to see a few new cast members ‚ÄºÔ∏è https://t.co/GTVbA5wjzH",FALSE,5,NA,2019-01-21 15:06:46,FALSE,NA,"1087365895100424192",NA,"<a href=""http://twitter.com/download/iphone"" rel=""nofollow"">Twitter for iPhone</a>","MobWivesVH1Boss",2,FALSE,FALSE,NA,NA
"21","Tonight @mtv 10pm 
#madeinstatenisland has a New Episode Airing &amp; Cast-mates You Haven't Gotten To See Yet ! 
Trust‚Ä¶ https://t.co/PbtBl6Kro2",FALSE,12,NA,2019-01-21 14:59:27,TRUE,NA,"1087364055508111366",NA,"<a href=""http://instagram.com"" rel=""nofollow"">Instagram</a>","RamonaRizzoVh1",3,FALSE,FALSE,NA,NA
"22","Ratings from last week premiere of #MadeInStatenIsland were not good. FYI",FALSE,1,NA,2019-01-21 14:51:27,FALSE,NA,"1087362041260720129",NA,"<a href=""http://twitter.com"" rel=""nofollow"">Twitter Web Client</a>","OMFGRealityTV",0,FALSE,FALSE,NA,NA
"23","Tonight it‚Äôs going down #madeinstatenisland you are not going to want to miss this!!!!! You get to meet some more o‚Ä¶ https://t.co/Mc5YVMltIE",FALSE,52,NA,2019-01-21 14:48:33,TRUE,NA,"1087361312110399488",NA,"<a href=""http://instagram.com"" rel=""nofollow"">Instagram</a>","KarenGravanoVH1",5,FALSE,FALSE,NA,NA
"24","Can't believe I have to see this trash on my commute. Another show about rich white kids with problems.‚Ä¶ https://t.co/R5pATz5wvN",FALSE,1,NA,2019-01-21 11:57:19,TRUE,NA,"1087318217637400576",NA,"<a href=""http://twitter.com/download/android"" rel=""nofollow"">Twitter for Android</a>","chollywong",0,FALSE,FALSE,NA,NA
"25","Y‚Äôall CP from  #MadeinStatenIsland is ü•∞ü•∞ü§§",FALSE,0,NA,2019-01-21 05:29:20,FALSE,NA,"1087220580762505216",NA,"<a href=""http://twitter.com/download/iphone"" rel=""nofollow"">Twitter for iPhone</a>","lopezglow_",0,FALSE,FALSE,NA,NA
"26","""Raven Witch"" 

Day 20 of my #arteveryday  project.

Remember, the goal isn't to be perfect.  It's to attempt to ma‚Ä¶ https://t.co/5pfvq9t1Pj",FALSE,1,NA,2019-01-21 04:30:26,TRUE,NA,"1087205755986604032",NA,"<a href=""http://twitter.com/download/android"" rel=""nofollow"">Twitter for Android</a>","lucas_paints",0,FALSE,FALSE,NA,NA
"27","Weekend Update also had a mention of #MadeInStatenIsland without bringing out Pete to talk about it. CMON SNL! That‚Ä¶ https://t.co/XOtoapLjgA",FALSE,0,NA,2019-01-21 03:31:18,TRUE,NA,"1087190876621688832",NA,"<a href=""http://twitter.com/download/iphone"" rel=""nofollow"">Twitter for iPhone</a>","RedHeadShawty5",0,FALSE,FALSE,NA,NA
"28","Watching #MadeinStatenIsland and all I can say is that I lived a very different life on SI - for example, I couldn‚Äô‚Ä¶ https://t.co/zGrTaPG7D1",FALSE,1,NA,2019-01-21 02:15:15,TRUE,NA,"1087171736389537792",NA,"<a href=""http://twitter.com/download/iphone"" rel=""nofollow"">Twitter for iPhone</a>","StuffByJNo",0,FALSE,FALSE,NA,NA
"29","Less than 5 minutes into #MadeInStatenIsland and I already want a friend who‚Äôs from Staten Island.",FALSE,0,NA,2019-01-21 01:11:16,FALSE,NA,"1087155636809412608",NA,"<a href=""http://twitter.com/download/iphone"" rel=""nofollow"">Twitter for iPhone</a>","i_Am_Remix",0,FALSE,FALSE,NA,NA
"30","@karinaseabrook so glad to be a new fan of #MadeinStatenIsland. Can‚Äôt wait til the new episode. You are such a powe‚Ä¶ https://t.co/wj58TlBH5j",FALSE,7,"karinaseabrook",2019-01-21 00:59:58,TRUE,NA,"1087152791607562242","1025480671094091776","<a href=""http://twitter.com/download/iphone"" rel=""nofollow"">Twitter for iPhone</a>","iAmTheDon331",2,FALSE,FALSE,NA,NA
"31","All new episode of #MadeInStatenIsland TOMORROW at 10/9c on @mtv! You ready? üëÄ https://t.co/9agtYkzb03",FALSE,70,NA,2019-01-21 00:15:23,FALSE,NA,"1087141573245181954",NA,"<a href=""http://twitter.com"" rel=""nofollow"">Twitter Web Client</a>","statenislandmtv",17,FALSE,FALSE,NA,NA
"32","@dennieaugustine @kayla82532459 @karinaseabrook @nbcsnl  
I‚Äôm screaming üòÇüòÇüòÇ I actually really like this show üòÇ‚Ä¶ https://t.co/TaFpXLaBQl",FALSE,4,"dennieaugustine",2019-01-20 22:51:55,TRUE,NA,"1087120564702011393","1025013393927938050","<a href=""http://twitter.com/download/iphone"" rel=""nofollow"">Twitter for iPhone</a>","baddfisshh",2,FALSE,FALSE,NA,NA
"33","This show #MadeinStatenIsland is funny afü§£",FALSE,0,NA,2019-01-20 22:36:31,FALSE,NA,"1087116691178483712",NA,"<a href=""http://twitter.com/download/iphone"" rel=""nofollow"">Twitter for iPhone</a>","dishaaaaag",0,FALSE,FALSE,NA,NA
"34","Ya'll are wearing crop tops and sneakers to court? What's wrong with ya'll? #MadeInStatenIsland",FALSE,2,NA,2019-01-20 22:00:44,FALSE,NA,"1087107684388749314",NA,"<a href=""https://about.twitter.com/products/tweetdeck"" rel=""nofollow"">TweetDeck</a>","five12studio",0,FALSE,FALSE,NA,NA
"35","If you're family plays a huge role in the mob, why are you on TV? This is weird. #MadeInStatenIsland",FALSE,3,NA,2019-01-20 21:41:47,FALSE,NA,"1087102916945723394",NA,"<a href=""https://about.twitter.com/products/tweetdeck"" rel=""nofollow"">TweetDeck</a>","five12studio",0,FALSE,FALSE,NA,NA
"36","Watching #MadeinStatenIsland and as someone who's spent some time on there I just want to say ya'll are lovely peop‚Ä¶ https://t.co/SrTC5N8mFd",FALSE,2,NA,2019-01-20 21:35:35,TRUE,NA,"1087101355599245312",NA,"<a href=""https://about.twitter.com/products/tweetdeck"" rel=""nofollow"">TweetDeck</a>","five12studio",0,FALSE,FALSE,NA,NA
"37","So corny hyping up courts, prison, etc. that ain‚Äôt no life to be proud or brag  about.  #MadeinStatenIsland",FALSE,3,NA,2019-01-20 20:23:34,FALSE,NA,"1087083234133970947",NA,"<a href=""http://twitter.com/download/iphone"" rel=""nofollow"">Twitter for iPhone</a>","tenderesa311",0,FALSE,FALSE,NA,NA
"38","#MadeInStatenIsland better not be dumb and stupid like *cough* Washington Heights!!! I will be staying tuned.",FALSE,0,NA,2019-01-20 20:21:10,FALSE,NA,"1087082630468775936",NA,"<a href=""http://twitter.com/download/iphone"" rel=""nofollow"">Twitter for iPhone</a>","LadyL31786",0,FALSE,FALSE,NA,NA
"39","How many times they have to touch their hair????  #MadeinStatenIsland",FALSE,0,NA,2019-01-20 20:13:14,FALSE,NA,"1087080631073492992",NA,"<a href=""http://twitter.com/download/iphone"" rel=""nofollow"">Twitter for iPhone</a>","tenderesa311",0,FALSE,FALSE,NA,NA
"40","MTV i love you but why do you give these random ass people a platform? they‚Äôre not business moguls, artists, or lit‚Ä¶ https://t.co/c4zr9GL0kc",FALSE,3,NA,2019-01-20 19:37:53,TRUE,NA,"1087071736217116672",NA,"<a href=""http://twitter.com/download/iphone"" rel=""nofollow"">Twitter for iPhone</a>","alexysjaye",1,FALSE,FALSE,NA,NA
"41","Made in Staten Island Review S1 E1 #MadeinStatenIsland: https://t.co/CzT5sWkCJK via @YouTube",FALSE,0,NA,2019-01-20 19:03:06,FALSE,NA,"1087062983187025923",NA,"<a href=""https://www.google.com/"" rel=""nofollow"">Google</a>","classic74",0,FALSE,FALSE,NA,NA
"42","I promise I'll get to it tomorrow. üôÉ #MadeInStatenIsland https://t.co/eXSjDx2VQZ",FALSE,31,NA,2019-01-20 17:30:00,FALSE,NA,"1087039554551513090",NA,"<a href=""https://studio.twitter.com"" rel=""nofollow"">Twitter Media Studio</a>","statenislandmtv",7,FALSE,FALSE,NA,NA
"43","Pauline looks and sounds 12  #MadeinStatenIsland",FALSE,0,NA,2019-01-20 16:42:26,FALSE,NA,"1087027582619537409",NA,"<a href=""http://twitter.com/download/iphone"" rel=""nofollow"">Twitter for iPhone</a>","tenderesa311",0,FALSE,FALSE,NA,NA
"44","Gravano was listed as being in the Arizona state prison system at a CO Special Services unit. He was not to be rele‚Ä¶ https://t.co/QbhVFmxDCe",FALSE,0,NA,2019-01-20 16:37:56,TRUE,NA,"1087026451835179009",NA,"<a href=""http://twitter.com/download/iphone"" rel=""nofollow"">Twitter for iPhone</a>","tenderesa311",0,FALSE,FALSE,NA,NA
"45","So these kids claim to fame is an incarcerated family member? Yet they have nothing, been nowhere &amp; does anyone hav‚Ä¶ https://t.co/Jf8n0aWkUI",FALSE,0,NA,2019-01-20 16:34:31,TRUE,NA,"1087025589725335553",NA,"<a href=""http://twitter.com/download/iphone"" rel=""nofollow"">Twitter for iPhone</a>","tenderesa311",0,FALSE,FALSE,NA,NA
"46","Wanna Bees!  Will not follow #MadeinStatenIsland",FALSE,0,NA,2019-01-20 16:28:48,FALSE,NA,"1087024151804723200",NA,"<a href=""http://twitter.com/download/iphone"" rel=""nofollow"">Twitter for iPhone</a>","tenderesa311",0,FALSE,FALSE,NA,NA
"47","Watching #MadeInStatenIsland üíô really good so far! üòä #MTV",FALSE,0,NA,2019-01-20 16:20:25,FALSE,NA,"1087022042698969089",NA,"<a href=""http://twitter.com/download/android"" rel=""nofollow"">Twitter for Android</a>","JlabBlabs",0,FALSE,FALSE,NA,NA
"48","This #MadeinStatenIsland is a GREAT SHOW",FALSE,1,NA,2019-01-20 14:55:33,FALSE,NA,"1087000684820643845",NA,"<a href=""http://twitter.com/download/android"" rel=""nofollow"">Twitter for Android</a>","JuJuQs",0,FALSE,FALSE,NA,NA
"49","The producer of MTV‚Äôs #MadeinStatenIsland denied that the show deals with Italian American stereotypes, and added,‚Ä¶ https://t.co/lPSEC7CEA1",FALSE,4,NA,2019-01-20 06:01:47,TRUE,NA,"1086866357742907392",NA,"<a href=""http://twitter.com"" rel=""nofollow"">Twitter Web Client</a>","only_si_chuck",0,FALSE,FALSE,NA,NA
"50","So I just watched #MadeinStatenIsland for the first time and I loved it!",FALSE,1,NA,2019-01-20 01:46:03,FALSE,NA,"1086801999113404418",NA,"<a href=""http://twitter.com/download/iphone"" rel=""nofollow"">Twitter for iPhone</a>","joshieblock",0,FALSE,FALSE,NA,NA
"51","Is this how people feel listening to thick southern accents too? I‚Äôm barely following conversations #MadeInStatenIsland",FALSE,0,NA,2019-01-20 00:28:38,FALSE,NA,"1086782519847063555",NA,"<a href=""http://twitter.com/download/iphone"" rel=""nofollow"">Twitter for iPhone</a>","TrashyTVBitch",0,FALSE,FALSE,NA,NA
"52","Ok watching a rerun of the first #MadeInStatenIsland and as a southerner I desperately need subtitles https://t.co/JfQnivjdwi",FALSE,0,NA,2019-01-20 00:03:46,FALSE,NA,"1086776259005173766",NA,"<a href=""http://twitter.com/download/iphone"" rel=""nofollow"">Twitter for iPhone</a>","TrashyTVBitch",1,FALSE,FALSE,NA,NA
"53","are there even any out-of-state made in staten island fans??? i‚Äôm convinced that the only people watching are salty‚Ä¶ https://t.co/hbeRy23YNS",FALSE,15,NA,2019-01-21 23:35:45,TRUE,NA,"1087493986166755333",NA,"<a href=""http://twitter.com/download/iphone"" rel=""nofollow"">Twitter for iPhone</a>","alliidemps",2,FALSE,FALSE,NA,NA
"54","‚ÄúIf it stays this cold will just have a big party at play...‚Äù my sister officially belongs on made in Staten Island",FALSE,0,NA,2019-01-21 23:26:54,FALSE,NA,"1087491759507156992",NA,"<a href=""http://twitter.com/download/iphone"" rel=""nofollow"">Twitter for iPhone</a>","TonymarieRose",0,FALSE,FALSE,NA,NA
"55","‚ÄòMade in Staten Island‚Äô: Twins Taylor and Joe O‚ÄôToole Brought Into the Mix
https://t.co/eVqMO9JgTT

         ... https://t.co/QgR3KTpfMU",FALSE,0,NA,2019-01-21 23:04:05,FALSE,NA,"1087486016183721984",NA,"<a href=""https://dvdclip.com"" rel=""nofollow"">dvdclip</a>","Latestupdate4u",0,FALSE,FALSE,NA,NA
"56","@NYorNothing @ItsMeAshleyWee Wait, you have to work later? Surely not during an all new episode of Made in Staten I‚Ä¶ https://t.co/DTjOenn7lI",FALSE,2,"NYorNothing",2019-01-21 22:41:47,TRUE,"1087464187733913600","1087480402640547849","825906379743432705","<a href=""http://twitter.com/#!/download/ipad"" rel=""nofollow"">Twitter for iPad</a>","michaeljsherman",0,FALSE,FALSE,NA,NA
"57","I‚Äôm glad i‚Äôm not the only one boycotting MTV‚Äôs ""Made in Staten Island"". If you‚Äôre going to make a show about Staten‚Ä¶ https://t.co/SKNAkm1P9b",FALSE,0,NA,2019-01-21 21:40:53,TRUE,NA,"1087465080495718401",NA,"<a href=""http://twitter.com/download/iphone"" rel=""nofollow"">Twitter for iPhone</a>","chambdol",0,FALSE,FALSE,NA,NA
"58","@RockinBrand84 so have you watched Made In Staten island? Tell me what it's about",FALSE,0,"RockinBrand84",2019-01-21 21:33:20,FALSE,NA,"1087463176789094400","2989073896","<a href=""http://twitter.com/download/android"" rel=""nofollow"">Twitter for Android</a>","newyorkboo28",0,FALSE,FALSE,NA,NA
"59","I saw Made in Staten Island. Who are these wannabe's. Can anyone explain this show to me?",FALSE,0,NA,2019-01-21 21:25:09,FALSE,NA,"1087461117285134336",NA,"<a href=""http://twitter.com"" rel=""nofollow"">Twitter Web Client</a>","GilSutton1",0,FALSE,FALSE,NA,NA
"60","I got another reality tv recommendation for ya'll... If you love Mob Wives as much as I do, well guess what???? Mob‚Ä¶ https://t.co/QzOK4loeQE",FALSE,6,NA,2019-01-21 20:55:06,TRUE,NA,"1087453556221923334",NA,"<a href=""http://twitter.com/download/android"" rel=""nofollow"">Twitter for Android</a>","ItsSavvyyy6",1,FALSE,FALSE,NA,NA
"61","Scrolling through houses on realtor and WHAT THE FUCK IS WITH THE WOOD WALL PANELING?! Jesus Christ.  Ya know what‚Äô‚Ä¶ https://t.co/1oEU79VcpV",FALSE,1,NA,2019-01-21 20:33:11,TRUE,NA,"1087448040850501632",NA,"<a href=""http://twitter.com/download/iphone"" rel=""nofollow"">Twitter for iPhone</a>","x0kaitie7",0,FALSE,FALSE,NA,NA
"62","SIGN PETITION TODAY! https://t.co/qZPqLAkTDO TELL @MTV to STOP shows like @statenislandmtv perpetuating‚Ä¶ https://t.co/0t7QG7azy5",FALSE,2,NA,2019-01-21 20:30:32,TRUE,NA,"1087447374107213826",NA,"<a href=""https://www.hootsuite.com"" rel=""nofollow"">Hootsuite Inc.</a>","IAOVC",1,FALSE,FALSE,NA,NA
"63","Read this comment, and sign the petition. They are a poor example of S.I., and some aren't even from S.I.! A small‚Ä¶ https://t.co/43Os9844Kk",FALSE,0,NA,2019-01-21 20:22:28,TRUE,NA,"1087445343833337861",NA,"<a href=""http://twitter.com"" rel=""nofollow"">Twitter Web Client</a>","harryfc",0,FALSE,FALSE,NA,NA
"64","37 years ago today I made my entrance into this world at St.Vincents Medical Center in Staten Island, NewYork! I ar‚Ä¶ https://t.co/MJq4ab4ycG",FALSE,1,NA,2019-01-21 19:03:11,TRUE,NA,"1087425393525751809",NA,"<a href=""http://twitter.com/download/android"" rel=""nofollow"">Twitter for Android</a>","Cesareallen",0,FALSE,FALSE,NA,NA
"65","Ooool hype to see the new episode of Made in Staten Island tonight, 97.999% chance it‚Äôs bc of @718cp  ü•∞üòã",FALSE,1,NA,2019-01-21 18:40:22,FALSE,NA,"1087419650424692736",NA,"<a href=""http://twitter.com/download/iphone"" rel=""nofollow"">Twitter for iPhone</a>","Chelllssea",1,FALSE,FALSE,NA,NA
"66","New Made in Staten Island tonight .",FALSE,5,NA,2019-01-21 17:09:04,FALSE,NA,"1087396674287398912",NA,"<a href=""http://twitter.com/download/iphone"" rel=""nofollow"">Twitter for iPhone</a>","Lucchino_",0,FALSE,FALSE,NA,NA
"67","Karen Gravano And Daughter Karina Seabrook Aren't Bothered By 'Made In Staten Island' Backlash! https://t.co/bV3QVm6p1V #MobWives",FALSE,1,NA,2019-01-21 16:10:31,FALSE,NA,"1087381940007825408",NA,"<a href=""http://twitter.com"" rel=""nofollow"">Twitter Web Client</a>","AllAboutTRH",0,FALSE,FALSE,NA,NA
"68","Cannot fathom anyone seriously watching that new Made in Staten Island show... like I‚Äôm sorry WHAT",FALSE,1,NA,2019-01-21 14:20:41,FALSE,NA,"1087354300416880641",NA,"<a href=""http://twitter.com/download/iphone"" rel=""nofollow"">Twitter for iPhone</a>","mandyhaun",0,FALSE,FALSE,NA,NA
"69","MADE in Staten island.. There's a truck , hieay 12.. Wait for exit",FALSE,0,NA,2019-01-21 13:20:27,FALSE,NA,"1087339140704817152",NA,"<a href=""http://twitter.com/download/android"" rel=""nofollow"">Twitter for Android</a>","Tipsy5millTrash",0,FALSE,FALSE,NA,NA
"70","Breaking the Code https://t.co/bbmgOvzuoi",FALSE,0,NA,2019-01-21 13:16:16,FALSE,NA,"1087338085950533632",NA,"<a href=""http://twitter.com"" rel=""nofollow"">Twitter Web Client</a>","Soriano310ms",0,FALSE,FALSE,NA,NA
"71","I like the ‚Äúmade in Staten Island‚Äù show. 
@ me",FALSE,2,NA,2019-01-21 09:06:48,FALSE,NA,"1087275307701321728",NA,"<a href=""http://twitter.com/download/iphone"" rel=""nofollow"">Twitter for iPhone</a>","Antdee5",0,FALSE,FALSE,NA,NA
"72","If Made in Staten Island ain‚Äôt the corniest show on television idk what is",FALSE,0,NA,2019-01-21 07:23:52,FALSE,NA,"1087249403482726401",NA,"<a href=""http://twitter.com/download/iphone"" rel=""nofollow"">Twitter for iPhone</a>","JakeButler18",0,FALSE,FALSE,NA,NA
"73","CP from made in staten island is the new love of my life",FALSE,0,NA,2019-01-21 04:28:13,FALSE,NA,"1087205200472014848",NA,"<a href=""http://twitter.com/download/iphone"" rel=""nofollow"">Twitter for iPhone</a>","madysonrussell4",0,FALSE,FALSE,NA,NA
"74","@RedHeadShawty5 Although I did lol at the Made In Staten Island joke :)",FALSE,0,"RedHeadShawty5",2019-01-21 03:53:21,FALSE,"1087196273025773570","1087196424083783680","87971686","<a href=""http://twitter.com/download/iphone"" rel=""nofollow"">Twitter for iPhone</a>","walt4ithamilton",0,FALSE,FALSE,NA,NA
"75","So upset üò¢ they only aired one episode of made in Staten island. I thought the show was great",FALSE,0,NA,2019-01-21 03:06:21,FALSE,NA,"1087184594946924544",NA,"<a href=""https://mobile.twitter.com"" rel=""nofollow"">Twitter Web App</a>","PiperChapman127",0,FALSE,FALSE,NA,NA
"76","MTV: Cancel MTV's Made in Staten Island or remove the borough's name from the title - Sign the Petition! https://t.co/nz1NRNnhAi via @Change",FALSE,0,NA,2019-01-21 02:19:18,FALSE,NA,"1087172755697614851",NA,"<a href=""http://twitter.com"" rel=""nofollow"">Twitter Web Client</a>","gaabrielllaa",0,FALSE,FALSE,NA,NA
"77","Watching Made In Staten Island. It‚Äôs pretty good so far.",FALSE,0,NA,2019-01-21 01:36:14,FALSE,NA,"1087161920048771072",NA,"<a href=""http://twitter.com/download/iphone"" rel=""nofollow"">Twitter for iPhone</a>","GeneralPatton90",0,FALSE,FALSE,NA,NA
"78","Made in Staten Island is gonna be a good showüò¨",FALSE,1,NA,2019-01-21 01:17:19,FALSE,NA,"1087157157542481921",NA,"<a href=""http://twitter.com/download/iphone"" rel=""nofollow"">Twitter for iPhone</a>","TiffaniCramer",1,FALSE,FALSE,NA,NA
"79","Watching the Frye documentary made me realize..... my friends and I threw the best party on Staten Island in years !!!",FALSE,0,NA,2019-01-21 00:44:19,FALSE,NA,"1087148851205672961",NA,"<a href=""http://twitter.com/download/iphone"" rel=""nofollow"">Twitter for iPhone</a>","YoungTaccc",0,FALSE,FALSE,NA,NA
"80","Please let this hapoen 

MTV: Cancel MTV's Made in Staten Island or remove the borough's name from the title - Sign‚Ä¶ https://t.co/HCDKZ9n8JO",FALSE,0,NA,2019-01-20 23:00:50,TRUE,NA,"1087122811406172160",NA,"<a href=""http://twitter.com/download/iphone"" rel=""nofollow"">Twitter for iPhone</a>","EricLegends",0,FALSE,FALSE,NA,NA
"81","@Pinky81949548 Did you watch made in Staten island? I know I changed the subject but this fking tablet is still a mystery to me!",FALSE,1,"Pinky81949548",2019-01-20 20:43:51,FALSE,"1086700458004094976","1087088337033273349","853750062899494916","<a href=""https://mobile.twitter.com"" rel=""nofollow"">Twitter Web App</a>","48Bev",0,FALSE,FALSE,NA,NA
"82","Made In Staten Island is easily the most cringeworthy show on television. #yikes",FALSE,1,NA,2019-01-20 20:26:17,FALSE,NA,"1087083915184099334",NA,"<a href=""http://twitter.com/download/iphone"" rel=""nofollow"">Twitter for iPhone</a>","__bcella",0,FALSE,FALSE,NA,NA
"83","üö®üö®üö® 
Made in Staten Island is not NOR the MobWives reboot!!! Their let‚Äôs say... whole different recipes! Reboot is‚Ä¶ https://t.co/K8wu8B7ObJ",FALSE,10,NA,2019-01-20 20:11:03,TRUE,NA,"1087080082328322049",NA,"<a href=""http://twitter.com/download/iphone"" rel=""nofollow"">Twitter for iPhone</a>","MobWivesVH1Boss",0,FALSE,FALSE,NA,NA
"84","We are both our own show üòò let Made In Staten Island have it‚Äôs spotlight... we have our reboot üé• coming soon‚ÄºÔ∏è‚ÄºÔ∏è‚ÄºÔ∏è https://t.co/QodF0pyefy",FALSE,1,NA,2019-01-20 20:08:22,FALSE,NA,"1087079406042996736",NA,"<a href=""http://twitter.com/download/iphone"" rel=""nofollow"">Twitter for iPhone</a>","MobWivesVH1Boss",0,FALSE,FALSE,NA,NA
"85","@tvandjudgement Karen‚Äôs show will be Made In Staten Island @jenngraziano is cooking up a reboot üòã‚ô•Ô∏è #WaitForIt",FALSE,0,"tvandjudgement",2019-01-20 20:05:27,FALSE,"1086727518701395969","1087078673587433472","3109002916","<a href=""http://twitter.com/download/iphone"" rel=""nofollow"">Twitter for iPhone</a>","MobWivesVH1Boss",0,FALSE,FALSE,NA,NA
"86","This show Made in Staten Island is a joke and just brings embarrassment to the entire island",FALSE,6,NA,2019-01-20 19:05:26,FALSE,NA,"1087063570205065216",NA,"<a href=""http://twitter.com/download/iphone"" rel=""nofollow"">Twitter for iPhone</a>","flipthepaigeg",1,FALSE,FALSE,NA,NA
"88","Of course I‚Äôm watching Made in Staten Island... I can‚Äôt resist",FALSE,0,NA,2019-01-20 18:31:58,FALSE,NA,"1087055146889158656",NA,"<a href=""http://twitter.com/download/iphone"" rel=""nofollow"">Twitter for iPhone</a>","jtothesq",0,FALSE,FALSE,NA,NA
"89","This new show Made in Staten Island going to be great I can tell it‚Äôs crazy",FALSE,0,NA,2019-01-20 18:23:58,FALSE,NA,"1087053135103909888",NA,"<a href=""http://twitter.com/download/iphone"" rel=""nofollow"">Twitter for iPhone</a>","janellllyy",0,FALSE,FALSE,NA,NA
"90","These look like the type of disrespectful white boys from the south shore of SI who would audition for Made In Stat‚Ä¶ https://t.co/y8Sz1MxiKG",FALSE,0,NA,2019-01-20 07:02:14,TRUE,NA,"1086881571095920640",NA,"<a href=""http://twitter.com/download/iphone"" rel=""nofollow"">Twitter for iPhone</a>","peters698",0,FALSE,FALSE,NA,NA
"91","idk if marcus browne can hang with the kids from made in staten island",FALSE,1,NA,2019-01-20 06:28:27,FALSE,NA,"1086873070898421762",NA,"<a href=""http://twitter.com/download/iphone"" rel=""nofollow"">Twitter for iPhone</a>","domtusc02",0,FALSE,FALSE,NA,NA
"92","MTV Orders 'Made in Staten Island' Reality Show From Karen Gravano https://t.co/cYJrG3Z3dZ",FALSE,0,NA,2019-01-20 05:30:17,FALSE,NA,"1086858433104625664",NA,"<a href=""http://twitter.com/download/android"" rel=""nofollow"">Twitter for Android</a>","Brian91abbott",0,FALSE,FALSE,NA,NA
"93","Marcus Browne&gt; made in Staten Island",FALSE,0,NA,2019-01-20 05:20:13,FALSE,NA,"1086855897404592128",NA,"<a href=""http://twitter.com/download/iphone"" rel=""nofollow"">Twitter for iPhone</a>","MichaelDennis24",0,FALSE,FALSE,NA,NA
"94","I was thinking about the Made in Staten Island show and how Hollywood these Mobsters have gone",FALSE,0,NA,2019-01-20 04:53:29,FALSE,NA,"1086849169900400640",NA,"<a href=""http://twitter.com/download/android"" rel=""nofollow"">Twitter for Android</a>","Legityigit26",0,FALSE,FALSE,NA,NA
"95","Made in Staten Island on MTV is a fucking masterpiece. I am losing my mind. https://t.co/4z3CIMJIC4",FALSE,23,NA,2019-01-20 04:43:49,FALSE,NA,"1086846737283796993",NA,"<a href=""http://twitter.com/download/iphone"" rel=""nofollow"">Twitter for iPhone</a>","Trilladelphian",2,FALSE,FALSE,NA,NA
"96","Made in Staten Island commercial ‚Äúit‚Äôs easy to get caught up in the street life‚Äù ... bro you went to Monmouth... stfu",FALSE,6,NA,2019-01-20 04:43:47,FALSE,NA,"1086846727322288128",NA,"<a href=""http://twitter.com/download/iphone"" rel=""nofollow"">Twitter for iPhone</a>","NellyR_74",0,FALSE,FALSE,NA,NA
"97","I‚Äôm not sure what this Made in Staten Island show is all about really I just know it pisses me off",FALSE,0,NA,2019-01-20 04:43:45,FALSE,NA,"1086846721991340032",NA,"<a href=""http://twitter.com/download/iphone"" rel=""nofollow"">Twitter for iPhone</a>","Whiteaveli",0,FALSE,FALSE,NA,NA
"98","Made in Staten Island is just a live remake of the movie Malibu‚Äôs most wanted",FALSE,0,NA,2019-01-20 04:05:13,FALSE,NA,"1086837025234391040",NA,"<a href=""http://twitter.com/download/iphone"" rel=""nofollow"">Twitter for iPhone</a>","taytaygut",0,FALSE,FALSE,NA,NA
"99","The fact that Vanderpump Ros√® made its way all the way to Staten Island, NY to a liquor store up the block from me‚Ä¶ https://t.co/4SpAFUzSsk",FALSE,0,NA,2019-01-20 03:53:45,TRUE,NA,"1086834139112853504",NA,"<a href=""http://twitter.com/download/iphone"" rel=""nofollow"">Twitter for iPhone</a>","lusc1ouss",0,FALSE,FALSE,NA,NA
"100","Lets get this to 10,000+ signatories. Share and spread the word. Cancel the show and end MTV and Viacom's negative‚Ä¶ https://t.co/IDKIjjJJYI",FALSE,2,NA,2019-01-20 03:08:12,TRUE,NA,"1086822676419751936",NA,"<a href=""http://twitter.com"" rel=""nofollow"">Twitter Web Client</a>","NYC300_",1,FALSE,FALSE,NA,NA
"101","@AmandaNeeson Made in Staten island",FALSE,0,"AmandaNeeson",2019-01-20 00:24:03,FALSE,"1086774153284333569","1086781364509257728","870686616","<a href=""http://twitter.com/download/android"" rel=""nofollow"">Twitter for Android</a>","more_cowbel",1,FALSE,FALSE,NA,NA
"102","@frankmorano @ganglandnews @am970TheAnswer Speaking of...what are your thoughts about this new #MTV show ""Made in S‚Ä¶ https://t.co/GjGHRuwDuI",FALSE,0,"frankmorano",2019-01-20 00:19:12,TRUE,"1086776066855690240","1086780144549879808","83942527","<a href=""http://twitter.com"" rel=""nofollow"">Twitter Web Client</a>","aunttabby4",0,FALSE,FALSE,NA,NA
"103","@TimDrury17 @netflix Putting this on the second I finish made in Staten Island!",FALSE,1,"TimDrury17",2019-01-20 00:08:16,FALSE,"1086775672146722817","1086777393463869440","209264166","<a href=""http://twitter.com/download/iphone"" rel=""nofollow"">Twitter for iPhone</a>","Rabeach15",0,FALSE,FALSE,NA,NA
